Step,ObjectName,Description,Action,Input,Condition,Reference
1,Browser,Open the Browser,Open,@http://10.232.196.210:8080/pc/PolicyCenter.do,,
2,Login:LoginScreen:LoginDV:username,"Click the [<Object>] ",Click,,,_DEV
3,Execute,,NewScenario0:NewTestCase,,,
4,Login:LoginScreen:LoginDV:username,Enter username,Set,@ppsuser,,_DEV
5,Login:LoginScreen:LoginDV:username,Enter username,Set,@ppsuser,,_DEV
6,Login:LoginScreen:LoginDV:password,"Click the [<Object>] ",Click,,,_DEV
7,Login:LoginScreen:LoginDV:password1,Enter password,setEncrypted,@cHBzKnB3ZA== Enc,,_DEV
8,Log In,CClick on Login,ClickIfExists,,,_DEV
9,My Activities,My activities whether visible,waitForElementToBeVisible,,,_DEV
10,Browser,Alt plus k send shortcut,sendKeysToWindow,@Alt+K,,
11,My Accounts,My Accounts visible,waitForElementToBeVisible,,,_DEV
12,My Accounts5,My Accounts mouse over,mouseOverElement,,,_DEV
13,My Accounts,My Accounts click,Click,,,_DEV
14,1619254273,"1619 account visible ",waitForElementToBeVisible,,,_DEV
15,1619254273,Verify text of 1619 is correct,assertElementTextContains,@1619254273,,_DEV1
16,"344 Erwin Park, Montclair, NJ 0",Verify address of 1619,assertElementTextContains,"@34 Erwin Park, Montclair, NJ 07042",,_DEV1
17,"34 Erwin Park, Montclair, NJ 0",Verify address of 1619,assertElementTextContains,"@34 Erwin Park, Montclair, NJ 07042",,_DEV1
18,9136410668,9136 account is visible,assertElementTextContains,@9136410668,,_DEV1
19,"10th Main Street, Greenways Ro",Verify address of 9136,assertElementTextContains,"@10th Main Street, Greenways Road, SAN BRUNO, CA 94066",,_DEV1
