Step,ObjectName,Description,Action,Input,Condition,Reference
1,Browser,Open the Url [<Data>] in the Browser,Open,@http://10.232.196.210:8080/pc/PolicyCenter.do,,
2,Login:LoginScreen:LoginDV:username,"Click the [<Object>] ",Click,,,_DEV
3,Login:LoginScreen:LoginDV:username,Enter the value [<Data>] in the Field [<Object>],Set,@ppsuser,,_DEV
4,Login:LoginScreen:LoginDV:password,"Click the [<Object>] ",Click,,,_DEV
5,Login:LoginScreen:LoginDV:password,Enter the Decrypted value [<Data>] in the Field [<Object>],setEncrypted,@cHBzKnB3ZA== Enc,,_DEV
6,Log In,"Click the [<Object>] ",sendKeysToElement,TestData0:Data1,,_DEV
7,Desktop,"Click the [<Object>] ",Click,,,_DEV
8,:TabLinkMenuButton-btnIconEl,"Click the [<Object>] ",Click,,,_DEV
9,Log Out PPS User,"Click the [<Object>] ",Click,,,_DEV
