Step,ObjectName,Description,Action,Input,Condition,Reference
1,Browser,Open the Url [<Data>] in the Browser,Open,@http://10.232.196.210:8080/pc/PolicyCenter.do,,
2,Login:LoginScreen:LoginDV:password,"Click the [<Object>] ",Click,,,_DEV
3,Login:LoginScreen:LoginDV:username,"Click the [<Object>] ",Click,,,_DEV
4,Login:LoginScreen:LoginDV:username,Enter the value [<Data>] in the Field [<Object>],Set,@ppsuser,,_DEV
5,Login:LoginScreen:LoginDV:password,"Click the [<Object>] ",Click,,,_DEV
6,Login:LoginScreen:LoginDV:password,Enter the Decrypted value [<Data>] in the Field [<Object>],setEncrypted,@cHBzKnB3ZA== Enc,,_DEV
7,Log In,"Click the [<Object>] ",Click,,,_DEV
8,k,"Click the [<Object>] ",Click,,,_DEV
9,Account,"Click the [<Object>] ",Click,,,_DEV
10,Account1,"Click the [<Object>] ",Click,,,_DEV
11,1619254273 RanFN,"Click the [<Object>] ",Click,,,_DEV
12,:TabLinkMenuButton-btnIconEl,"Click the [<Object>] ",Click,,,_DEV
13,Log Out PPS User,"Click the [<Object>] ",Click,,,_DEV
14,NewTestCase0,"Click the [<Object>] ",Click,,,NewScenario_NewTestCase0
15,My Profile This will be a sing,"Click the [<Object>] ",Click,,,One
16,This will be a single reposito,"Click the [<Object>] ",Click,,,One
17,searchbox,Enter the value [<Data>] in the Field [<Object>],Set,@By Name or Emp ID or Email ID,,My
18,View Detailed Profile,"Click the [<Object>] ",Click,,,My
19,appstore,"Click the [<Object>] ",Click,,,One
20,onec,"Click the [<Object>] ",Click,,,One
21,This will be a single reposito,"Click the [<Object>] ",Click,,,One
22,searchbox,Enter the value [<Data>] in the Field [<Object>],Set,@By Name or Emp ID or Email ID,,My
23,onec,"Click the [<Object>] ",Click,,,One
24,searchbox,Enter the value [<Data>] in the Field [<Object>],Set,@By Name or Emp ID or Email ID,,My
25,onec,"Click the [<Object>] ",Click,,,One
26,My Career app is the unified r,"Click the [<Object>] ",Click,,,One
27,My Career app is the unified r1,"Click the [<Object>] ",Click,,,One
28,Career Lattice presents all th,"Click the [<Object>] ",Click,,,One
29,onec,"Click the [<Object>] ",Click,,,One
30,To process the payroll special,"Click the [<Object>] ",Click,,,One
31,To process the payroll special1,"Click the [<Object>] ",Click,,,One
32,onec,"Click the [<Object>] ",Click,,,One
33,To raise a Request for Accommo,"Click the [<Object>] ",Click,,,One
34,onec,"Click the [<Object>] ",Click,,,One
35,Connects you to the Request Ab,"Click the [<Object>] ",Click,,,One
36,View Absence Request History,"Click the [<Object>] ",Click,,,Absence
37,PT_WORK_PT_BUTTON_BACK$IMG,"Click the [<Object>] ",Click,,,Absence1
38,View Absence Balances,"Click the [<Object>] ",Click,,,Absence
39,Absence Request,"Click the [<Object>] ",Click,,,Absence2
40,View Absence Request History,"Click the [<Object>] ",Click,,,Absence
41,Apply / Schedule Leave,"Click the [<Object>] ",Click,,,Absence1
42,View Absence Balances,"Click the [<Object>] ",Click,,,Absence
43,View LMS Leave History,"Click the [<Object>] ",Click,,,Absence2
44,Absence Balance,"Click the [<Object>] ",Click,,,LMS
45,PT_WORK_PT_BUTTON_BACK$IMG,"Click the [<Object>] ",Click,,,Absence2
46,PT_WORK_PT_BUTTON_BACK$IMG,"Click the [<Object>] ",Click,,,Absence
47,Search for Apps,"Click the [<Object>] ",Click,,,One
48,go perform I'm lucky,"Click the [<Object>] ",Click,,,One
49,Search for Apps,Enter the value [<Data>] in the Field [<Object>],Set,@go per,,One
50,GoPerform Set quarterly delive,"Click the [<Object>] ",Click,,,One1
51,pull-left,selecting value [<Data>] from unordered list .,selectValueFromUnorderedList,@My YEA,,GoPerform
52,My Goals,"Click the [<Object>] ",Click,,,GoPerform
53,onec,"Click the [<Object>] ",Click,,,One
54,One Cognizant 3 results are av,"Click the [<Object>] ",Click,,,One
55,Search for Apps,"Click the [<Object>] ",Click,,,One
56,go perform I'm lucky1,"Click the [<Object>] ",Click,,,One
57,Search for Apps,Enter the value [<Data>] in the Field [<Object>],Set,@go perform,,One
58,"Set quarterly deliverables, tr","Click the [<Object>] ",Click,,,One1
59,My YEA,"Click the [<Object>] ",Click,,,GoPerform
60,Write a note...,"Click the [<Object>] ",Click,,,GoPerform
61,Write a note...,Enter the value [<Data>] in the Field [<Object>],Set,@Accepting the comments...,,GoPerform
62,Save,"Click the [<Object>] ",Click,,,GoPerform
63,Object,"Click the [<Object>] ",Click,,,GoPerform
64,Write a note...,"Click the [<Object>] ",Click,,,GoPerform
65,Submit,"Click the [<Object>] ",Click,,,GoPerform
66,OK,"Click the [<Object>] ",Click,,,GoPerform
67,null1,"Click the [<Object>] ",Click,,,GoPerform
68,YEA' 18,"Click the [<Object>] ",Click,,,GoPerform
69,expand-icon,"Click the [<Object>] ",Click,,,GoPerform
70,My Goals,"Click the [<Object>] ",Click,,,GoPerform
71,My YEA,"Click the [<Object>] ",Click,,,GoPerform
72,onec,"Click the [<Object>] ",Click,,,One
73,One Cognizant 3 results are av,"Click the [<Object>] ",Click,,,One
74,active-arrow,"Click the [<Object>] ",Click,,,One
75,Producer Code/Insured E-mail,Enter the value [<Data>] in the Field [<Object>],Set,@B37612,,Home
76,Password,"Click the [<Object>] ",Click,,,Home
77,Password,Enter the Decrypted value [<Data>] in the Field [<Object>],setEncrypted,@MDAwMA== Enc,,Home
78,Sign in,"Click the [<Object>] ",Click,,,Home
79,userId,"Click the [<Object>] ",Click,,,User
80,Continue,"Click the [<Object>] ",Click,,,User
81,CA,"Click the [<Object>] ",Click,,,Pacific
82,Quote,"Click the [<Object>] ",Click,,,Pacific
83,Farhat Nooruddin: Finding Bala,"Click the [<Object>] ",Click,,,Be_Cognizant
84,[object SVGAnimatedString],"Click the [<Object>] ",Click,,,Pacific
85,Quote,"Click the [<Object>] ",Click,,,Pacific
86,TwoApplicantFirstName,"Click the [<Object>] ",Click,,,Pacific
87,TwoApplicantFirstName,Enter the value [<Data>] in the Field [<Object>],Set,@test,,Pacific
88,TwoApplicantLastName,"Click the [<Object>] ",Click,,,Pacific
89,TwoApplicantLastName,Enter the value [<Data>] in the Field [<Object>],Set,@testdp2,,Pacific
90,Enter a location,"Click the [<Object>] ",Click,,,Pacific
91,Enter a location,Enter the value [<Data>] in the Field [<Object>],Set,@3158 PRINCE HENRY DR SACRAMENTO,,Pacific
92,TwoLocationAddressUnitNumber,"Click the [<Object>] ",Click,,,Pacific
93,LocationAddressLine1,"Click the [<Object>] ",Click,,,Pacific
94,LocationAddressLine1,Enter the value [<Data>] in the Field [<Object>],Set,@3158 PRINCE HENRY DR SACRAMENTO,,Pacific
95,LocationAddressUnitNumber,"Click the [<Object>] ",Click,,,Pacific
96,LocationAddressCity,"Click the [<Object>] ",Click,,,Pacific
97,LocationAddressCity,Enter the value [<Data>] in the Field [<Object>],Set,@CA,,Pacific
98,LocationAddressState,Select item in [<Object>] which has text: [<Data>],selectByVisibleText,@California,,Pacific
99,LocationAddressCity,Clear text [<Data>] from object [<Object>].,clear,,,Pacific
100,LocationAddressCity,Enter the value [<Data>] in the Field [<Object>],Set,@SACRAMENTO,,Pacific
101,LocationAddressUnitNumber,"Click the [<Object>] ",Click,,,Pacific
102,LocationAddressZip,"Click the [<Object>] ",Click,,,Pacific
103,LocationAddressZip,Enter the value [<Data>] in the Field [<Object>],Set,@_____,,Pacific
104,LocationAddressZip,Enter the value [<Data>] in the Field [<Object>],Set,@95833,,Pacific
105,Validate Address,"Click the [<Object>] ",Click,,,Pacific
106,Accept,"Click the [<Object>] ",Click,,,Pacific
107,TwoApplicantFirstName,"Click the [<Object>] ",Click,,,Pacific
108,Occupancy,Select item in [<Object>] which has text: [<Data>],selectByVisibleText,@Primary Home (Owner Occupied),,Pacific
109,stayinhouse,"Click the [<Object>] ",Click,,,Pacific
110,Enter a location1,"Click the [<Object>] ",Click,,,Pacific
111,PropertyYearBuilt,"Click the [<Object>] ",Click,,,Pacific
112,PropertyYearBuilt,Enter the value [<Data>] in the Field [<Object>],Set,@2000,,Pacific
113,SquareFootage,"Click the [<Object>] ",Click,,,Pacific
114,SquareFootage,Enter the value [<Data>] in the Field [<Object>],Set,"@1,300",,Pacific
115,Enter a location1,"Click the [<Object>] ",Click,,,Pacific
116,Enter a location1,Enter the value [<Data>] in the Field [<Object>],Set,@2417 N Vagedes Ave,,Pacific
117,PreviousAddressAddr2,"Click the [<Object>] ",Click,,,Pacific
118,TwoMultiPolicyDiscount,"Click the [<Object>] ",Click,,,Pacific
119,PreviousAddressLine1,"Click the [<Object>] ",Click,,,Pacific
120,PreviousAddressLine1,Enter the value [<Data>] in the Field [<Object>],Set,@2417 N Vagedes Ave,,Pacific
121,PreviousAddressUnitNumber,"Click the [<Object>] ",Click,,,Pacific
122,PreviousAddressCity,"Click the [<Object>] ",Click,,,Pacific
123,PreviousAddressState,Select item in [<Object>] which has text: [<Data>],storeTextPresent,@California,,Pacific
124,PreviousAddressZip,"Click the [<Object>] ",Click,,,Pacific
125,PreviousAddressZip,Enter the value [<Data>] in the Field [<Object>],Set,@_____,,Pacific
126,PreviousAddressCity,"Click the [<Object>] ",Click,,,Pacific
127,PreviousAddressZip,"Click the [<Object>] ",Click,,,Pacific
128,PreviousAddressZip,Enter the value [<Data>] in the Field [<Object>],Set,@_____,,Pacific
129,PreviousAddressLine1,"Click the [<Object>] ",Click,,,Pacific
130,PreviousAddressUnitNumber,"Click the [<Object>] ",Click,,,Pacific
131,PreviousAddressCity,"Click the [<Object>] ",Click,,,Pacific
132,PreviousAddressCity,Enter the value [<Data>] in the Field [<Object>],Set,@Fresno,,Pacific
133,PreviousAddressZip,"Click the [<Object>] ",Click,,,Pacific
134,PreviousAddressZip,Enter the value [<Data>] in the Field [<Object>],Set,@_____,,Pacific
135,PreviousAddressZip,"Click the [<Object>] ",Click,,,Pacific
136,PreviousAddressZip,Enter the value [<Data>] in the Field [<Object>],Set,@_____,,Pacific
137,PreviousAddressZip,Enter the value [<Data>] in the Field [<Object>],Set,@93705,,Pacific
138,Continue,"Click the [<Object>] ",Click,,,Pacific
139,TwoMultiPolicyDiscount,"Click the [<Object>] ",Click,,,Pacific
140,LocationAddressLine11,"Click the [<Object>] ",Click,,,Pacific
141,LocationAddressCity1,"Click the [<Object>] ",Click,,,Pacific
142,Continue1,"Click the [<Object>] ",Click,,,Pacific
143,Validate Address1,"Click the [<Object>] ",Click,,,Pacific
144,Accept,"Click the [<Object>] ",Click,,,Pacific
145,Continue1,"Click the [<Object>] ",Click,,,Pacific
146,secondaryActions,Select item in [<Object>] which has text: [<Data>],selectByVisibleText,@Save,,Pacific
147,TwoMultiPolicyDiscount,"Click the [<Object>] ",Click,,,Pacific
148,3158 Prince Henry Dr,"Click the [<Object>] ",Click,,,Pacific
149,Continue,"Click the [<Object>] ",Click,,,Pacific
150,Continue1,"Click the [<Object>] ",Click,,,Pacific
151,TwoApplicantLastName,"Click the [<Object>] ",Click,,,Pacific
152,TwoApplicantLastName,Enter the value [<Data>] in the Field [<Object>],Set,@testdp,,Pacific
153,Continue1,"Click the [<Object>] ",Click,,,Pacific
154,* Property Address 3158 Prince,"Click the [<Object>] ",Click,,,Pacific
155,Continue1,"Click the [<Object>] ",Click,,,Pacific
